{"cameraMode":{"drawMode":0,"name":"Shaded","section":"Shading Mode"},"sceneLighting":true,"audioPlay":false,"sceneViewState":{"m_AlwaysRefresh":false,"showFog":true,"showSkybox":true,"showFlares":true,"showImageEffects":true,"showParticleSystems":true,"showVisualEffectGraphs":true,"m_FxEnabled":true},"in2DMode":false,"pivot":{"x":-7.560207366943359,"y":0.9659359455108643,"z":0.4400758743286133},"rotation":{"x":-0.08410292118787766,"y":0.5464238524436951,"z":-0.055271945893764499,"w":-0.8314529657363892},"size":9.361785888671875,"orthographic":false}